4812837,杭州,杭州大搜车汽车服务有限公司,"['技能培训', 'Geek', '开放', '扁平管理']",余杭区,本科,开发|测试|运维类,1天前发布,数据分析师 08-02-29,10k-20k,3-5年
5743333,广州,广州明动软件股份有限公司,"['技能培训', '节日礼物', '年底双薪', '绩效奖金']",天河区,本科,产品|需求|项目类,1天前发布,数据分析师,8k-11k,1-3年
5823253,北京,北京达佳互联信息技术有限公司,"['股票期权', '弹性工作', '定期体检', '岗位晋升']",海淀区,本科,产品|需求|项目类,2天前发布,数据分析师（业务分析）-【商业化】,20k-40k,3-5年
5924383,北京,南京蓝鲸人网络科技有限公司,"['扁平管理', '弹性工作', '牛人多', '年底双薪']",海淀区,本科,产品|需求|项目类,1天前发布,数据分析,20k-40k,3-5年
5666110,深圳,深圳前海用友力合金融服务有限公司,"['节日礼物', '带薪年假', '绩效奖金', '岗位晋升']",南山区,本科,产品|需求|项目类,1天前发布,数据分析岗,8k-14k,1-3年
4774800,广州,广州小黑屋科技有限公司,"['股票期权', '午餐补助', '定期体检', '专项奖金']",海珠区,本科,产品|需求|项目类,1天前发布,数据分析,6k-12k,1-3年
5385860,广州,上海百事通信息技术股份有限公司,"['带薪年假', '节日礼物', '定期体检', '岗位晋升']",越秀区,本科,产品|需求|项目类,1天前发布,数据分析,8k-13k,1-3年
5003254,广州,广东美的制冷设备有限公司,"['年底双薪', '免费班车', '带薪年假', '岗位晋升']",番禺区,本科,开发|测试|运维类,3天前发布,数据分析师,15k-25k,3-5年
5935757,北京,北京云动九天科技有限公司,"['技能培训', '专项奖金', '带薪年假', '绩效奖金']",东城区,本科,产品|需求|项目类,1天前发布,数据分析师（增长方向）,25k-50k,5-10年
5937284,北京,北京水象科技有限公司,[],丰台区,不限,产品|需求|项目类,1天前发布,数据分析师（电商）,14k-20k,3-5年
5935619,武汉,北京趣拿软件科技有限公司,"['技能培训', '节日礼物', '带薪年假', '无息住房贷款']",江夏区,大专,产品|需求|项目类,1天前发布,数据分析师,5k-8k,1-3年
5932844,上海,深圳市博奥特科技有限公司,"['绩效奖金', '领导好', '帅哥多', '美女多']",浦东新区,大专,开发|测试|运维类,2天前发布,数据分析,5k-8k,1-3年
5927578,北京,北京瓴岳信息技术有限公司,"['14薪', '弹性工作', '零食水果', '午餐晚餐']",朝阳区,本科,产品|需求|项目类,1天前发布,数据分析师,15k-25k,1-3年
4750004,揭阳,广东精点数据科技股份有限公司,"['带薪年假', '绩效奖金', '大数据', '数据分析']",榕城区,本科,开发|测试|运维类,1天前发布,数据分析师（揭阳驻点）,4k-6k,1-3年
5210317,北京,北京沃丰时代数据科技有限公司,"['AI', '大数据', '云服务', '大牛带队']",西城区,本科,开发|测试|运维类,3天前发布,数据分析,20k-40k,3-5年
4812837,杭州,杭州大搜车汽车服务有限公司,"['技能培训', 'Geek', '开放', '扁平管理']",余杭区,本科,开发|测试|运维类,1天前发布,数据分析师 08-02-29,10k-20k,3-5年
5743333,广州,广州明动软件股份有限公司,"['技能培训', '节日礼物', '年底双薪', '绩效奖金']",天河区,本科,产品|需求|项目类,1天前发布,数据分析师,8k-11k,1-3年
5823253,北京,北京达佳互联信息技术有限公司,"['股票期权', '弹性工作', '定期体检', '岗位晋升']",海淀区,本科,产品|需求|项目类,2天前发布,数据分析师（业务分析）-【商业化】,20k-40k,3-5年
5924383,北京,南京蓝鲸人网络科技有限公司,"['扁平管理', '弹性工作', '牛人多', '年底双薪']",海淀区,本科,产品|需求|项目类,1天前发布,数据分析,20k-40k,3-5年
5666110,深圳,深圳前海用友力合金融服务有限公司,"['节日礼物', '带薪年假', '绩效奖金', '岗位晋升']",南山区,本科,产品|需求|项目类,1天前发布,数据分析岗,8k-14k,1-3年
4774800,广州,广州小黑屋科技有限公司,"['股票期权', '午餐补助', '定期体检', '专项奖金']",海珠区,本科,产品|需求|项目类,1天前发布,数据分析,6k-12k,1-3年
5385860,广州,上海百事通信息技术股份有限公司,"['带薪年假', '节日礼物', '定期体检', '岗位晋升']",越秀区,本科,产品|需求|项目类,1天前发布,数据分析,8k-13k,1-3年
5003254,广州,广东美的制冷设备有限公司,"['年底双薪', '免费班车', '带薪年假', '岗位晋升']",番禺区,本科,开发|测试|运维类,3天前发布,数据分析师,15k-25k,3-5年
5935757,北京,北京云动九天科技有限公司,"['技能培训', '专项奖金', '带薪年假', '绩效奖金']",东城区,本科,产品|需求|项目类,1天前发布,数据分析师（增长方向）,25k-50k,5-10年
5937284,北京,北京水象科技有限公司,[],丰台区,不限,产品|需求|项目类,1天前发布,数据分析师（电商）,14k-20k,3-5年
5935619,武汉,北京趣拿软件科技有限公司,"['技能培训', '节日礼物', '带薪年假', '无息住房贷款']",江夏区,大专,产品|需求|项目类,1天前发布,数据分析师,5k-8k,1-3年
5932844,上海,深圳市博奥特科技有限公司,"['绩效奖金', '领导好', '帅哥多', '美女多']",浦东新区,大专,开发|测试|运维类,2天前发布,数据分析,5k-8k,1-3年
5927578,北京,北京瓴岳信息技术有限公司,"['14薪', '弹性工作', '零食水果', '午餐晚餐']",朝阳区,本科,产品|需求|项目类,1天前发布,数据分析师,15k-25k,1-3年
4750004,揭阳,广东精点数据科技股份有限公司,"['带薪年假', '绩效奖金', '大数据', '数据分析']",榕城区,本科,开发|测试|运维类,1天前发布,数据分析师（揭阳驻点）,4k-6k,1-3年
5210317,北京,北京沃丰时代数据科技有限公司,"['AI', '大数据', '云服务', '大牛带队']",西城区,本科,开发|测试|运维类,3天前发布,数据分析,20k-40k,3-5年
5833327,重庆,永辉青禾商业保理（重庆）有限公司,[],江北区,本科,产品|需求|项目类,1天前发布,金融数据分析师,12k-24k,3-5年
4792322,杭州,杭州大搜车汽车服务有限公司,"['技能培训', 'Geek', '开放', '扁平管理']",余杭区,本科,开发|测试|运维类,1天前发布,高级数据分析师 08-02-28,15k-30k,3-5年
5416436,韶关,广东精点数据科技股份有限公司,"['带薪年假', '绩效奖金', '大数据', '数据分析']",浈江区,大专,开发|测试|运维类,1天前发布,数据分析师（韶关）,5k-7k,1-3年
5880792,厦门,厦门多快好省网络科技有限公司,"['五险一金', '弹性上班', '周末双休', '年底双薪']",思明区,本科,产品|需求|项目类,1天前发布,数据分析师,8k-16k,1-3年
5289525,广州,美的集团股份有限公司,"['五险一金', '带薪年假', '免费班车', '年度旅游']",番禺区,本科,开发|测试|运维类,1天前发布,大数据数据分析师,15k-25k,5-10年
4384123,上海,上海微盟企业发展有限公司,"['绩效奖金', '年底双薪', '五险一金', '带薪年假']",宝山区,本科,产品|需求|项目类,1天前发布,数据分析师（新零售）,8k-10k,1-3年
5937522,杭州,杭州恩牛网络技术有限公司,"['节日礼物', '专项奖金', '带薪年假', '扁平管理']",西湖区,本科,产品|需求|项目类,1天前发布,数据分析师,11k-22k,1-3年
5936045,杭州,杭州脸脸会网络技术有限公司,"['股票期权', '五险一金', '节日礼物', '岗位晋升']",余杭区,大专,产品|需求|项目类,1天前发布,数据分析师,8k-10k,3-5年
5811856,上海,上海二三四五网络科技有限公司,"['鼓励内部创业', '互联网百强', '亿万用户', '提倡男女恋爱']",浦东新区,本科,产品|需求|项目类,1天前发布,数据分析师（信息流）(J11843),10k-18k,3-5年
5886603,北京,智道网联科技（北京）有限公司,[],东城区,本科,产品|需求|项目类,1天前发布,数据分析师（资深）,25k-50k,5-10年
4704007,宁波,宁波邻家网络科技有限公司,"['带薪年假', '扁平管理', '年底双薪', '五险一金']",海曙区,本科,产品|需求|项目类,1天前发布,数据分析师,14k-25k,1-3年
5933825,北京,北京掌众科技有限公司,"['技能培训', '节日礼物', '绩效奖金', '年度旅游']",海淀区,本科,产品|需求|项目类,2天前发布,数据分析师,15k-18k,1-3年
5927298,上海,乐元素科技（北京）股份有限公司,"['技能培训', '领导好', '节日礼物']",黄浦区,本科,产品|需求|项目类,2天前发布,数据分析师,20k-35k,3-5年
5927183,深圳,深圳市房多多网络科技有限公司,"['节日礼物', '带薪年假', '扁平管理', '美女多']",南山区,硕士,产品|需求|项目类,2天前发布,数据分析师,15k-25k,1-3年
5286804,北京,北京萌宝科技有限公司,"['带薪年假', '定期体检', '年度旅游', '扁平管理']",朝阳区,本科,运营|编辑|客服类,2天前发布,数据分析师,15k-30k,3-5年
5331443,广州,广东精点数据科技股份有限公司,"['带薪年假', '绩效奖金', '大数据', '数据分析']",天河区,不限,开发|测试|运维类,1天前发布,数据分析师（广州）,5k-7k,1-3年
5928986,北京,随行付支付有限公司,"['技能培训', '节日礼物', '年底双薪', '股票期权']",石景山区,本科,运营|编辑|客服类,2天前发布,数据分析师(J10129),15k-25k,3-5年
5701244,佛山,美的集团电子商务有限公司,"['扁平管理', '团队颜值高', '不打卡', '年度旅游']",顺德区,本科,产品|需求|项目类,2天前发布,数据分析师,10k-20k,1-3年
5759867,北京,北京达佳互联信息技术有限公司,"['股票期权', '弹性工作', '定期体检', '岗位晋升']",海淀区,本科,产品|需求|项目类,2019-05-08,数据分析师（流媒体方向）,20k-40k,1-3年
5928261,上海,上海纵游网络技术有限公司,"['五险一金', '节日礼物', '午餐补助', '岗位晋升']",杨浦区,本科,产品|需求|项目类,3天前发布,数据分析师,10k-20k,不限
5762458,北京,达内时代科技集团有限公司,"['技能培训', '股票期权', '专项奖金', '带薪年假']",海淀区,本科,产品|需求|项目类,3天前发布,数据分析师,10k-20k,1-3年
5894647,北京,北京寄云鼎城科技有限公司,"['绩效奖金', '弹性工作', '年度旅游', '岗位晋升']",海淀区,本科,产品|需求|项目类,3天前发布,数据分析师,10k-20k,1-3年
5925663,北京,随行付（北京）金融信息服务有限公司,"['绩效奖金', '午餐补助', '通讯津贴', '带薪年假']",海淀区,本科,运营|编辑|客服类,3天前发布,数据分析师,12k-18k,3-5年
5751657,上海,中国平安人寿保险股份有限公司,"['绩效奖金', '带薪年假', '定期体检', '节日礼物']",浦东新区,本科,金融类,2天前发布,0221KM-数据分析岗,10k-20k,1-3年
5929577,北京,凡普金科集团有限公司,"['年底双薪', '节日礼物', '技能培训', '带薪年假']",东城区,本科,开发|测试|运维类,1天前发布,数据分析师-增长,15k-25k,1-3年
4608243,广州,广州市原象信息科技有限公司,"['带薪年假', '年度旅游', '扁平管理', '美女多']",海珠区,本科,开发|测试|运维类,2019-05-09,数据分析师,8k-10k,1-3年
5746399,广州,广州荔支网络技术有限公司,"['绩效奖金', '专项奖金', '带薪年假', '弹性工作']",天河区,本科,开发|测试|运维类,1天前发布,数据分析工程师 (MJ000239),15k-30k,不限
5939876,北京,任买科技（北京）有限公司,"['股票期权', '一年两次晋升', '春节超长假期', '扁平管理']",东城区,本科,市场|商务类,1天前发布,数据分析师DA,15k-25k,1-3年
5939641,北京,北京瓴岳信息技术有限公司,"['14薪', '弹性工作', '零食水果', '午餐晚餐']",朝阳区,本科,开发|测试|运维类,1天前发布,数据分析工程师,15k-30k,1-3年
5846275,北京,北京云杉世界信息技术有限公司,"['技能培训', '节日礼物', '绩效奖金', '岗位晋升']",朝阳区,本科,运营|编辑|客服类,2天前发布,数据分析/数据运营总监/经理(J13509),30k-50k,5-10年
5701233,深圳,美的集团电子商务有限公司,"['扁平管理', '团队颜值高', '不打卡', '年度旅游']",南山区,本科,产品|需求|项目类,2天前发布,数据分析师,10k-20k,1-3年
5937381,北京,凡普金科集团有限公司,"['年底双薪', '节日礼物', '技能培训', '带薪年假']",东城区,本科,综合职能|高级管理,1天前发布,数据分析-人力方向,15k-30k,3-5年
5763949,广州,广州市原象信息科技有限公司,"['带薪年假', '年度旅游', '扁平管理', '美女多']",海珠区,不限,产品|需求|项目类,2019-05-09,数据分析师（内容营销方向）,7k-10k,1-3年
5605166,天津,北京达佳互联信息技术有限公司,"['股票期权', '弹性工作', '定期体检', '岗位晋升']",西青区,本科,产品|需求|项目类,2天前发布,数据分析专员,8k-10k,1-3年
5430376,韶关,广东精点数据科技股份有限公司,"['带薪年假', '绩效奖金', '大数据', '数据分析']",浈江区,本科,开发|测试|运维类,1天前发布,数据分析工程师（韶关）,5k-7k,1-3年
5931644,深圳,平安科技（深圳）有限公司,"['六险一金', '扁平化管理', '丰厚年终', '丰富技术交流']",南山区,本科,开发|测试|运维类,00:00发布,1121GN-资深数据分析师,15k-25k,5-10年
5931055,武汉,武汉飞猫环球商贸有限公司,"['年底双薪', '绩效奖金', '团队活力年轻', '领导亲和']",洪山区,本科,产品|需求|项目类,1天前发布,数据分析工程师,12k-20k,1-3年
5939880,上海,上海基分文化传播有限公司,"['专项奖金', '带薪年假', '弹性工作', '管理规范']",浦东新区,本科,开发|测试|运维类,1天前发布,资深数据分析师,25k-50k,5-10年
5936679,武汉,武汉斗鱼网络科技有限公司,"['技能培训', '绩效奖金', '年度旅游', '管理规范']",洪山区,本科,运营|编辑|客服类,1天前发布,数据分析实习生,2k-4k,不限
5937999,北京,途家网网络技术（北京）有限公司,"['绩效奖金', '五险一金', '带薪年假', '免费班车']",朝阳区,本科,产品|需求|项目类,1天前发布,数据分析经理,15k-30k,3-5年
5933045,北京,零氪信息技术（北京）有限公司,"['年底双薪', '年终分红', '带薪年假', '定期体检']",海淀区,本科,产品|需求|项目类,1天前发布,资深数据分析师,20k-40k,3-5年
5926328,上海,蝴蝶互动（上海）信息技术有限公司,"['带薪年假', '专项奖金', '年底双薪', '交通补助']",浦东新区,本科,开发|测试|运维类,1天前发布,资深数据分析师,15k-25k,1-3年
5939513,广州,上饶市一三齐齐信息技术有限公司广州分公司,"['年底双薪', '带薪年假', '免费三餐', '下午茶']",天河区,本科,产品|需求|项目类,1天前发布,数据分析专员,6k-7k,1-3年
5418511,上海,交银企业管理服务（上海）有限公司张江高科技园区分公司,[],长宁区,本科,开发|测试|运维类,1天前发布,数据分析经理（金融科技）,15k-30k,5-10年
5203054,杭州,网易（杭州）有限公司,"['节日礼物', '技能培训', '免费班车', '带薪年假']",滨江区,本科,产品|需求|项目类,1天前发布,资深数据分析师,20k-40k,5-10年
5929616,北京,凡普金科集团有限公司,"['年底双薪', '节日礼物', '技能培训', '带薪年假']",东城区,本科,产品|需求|项目类,1天前发布,数据分析师-风控,15k-25k,1-3年
5252460,北京,广州市原象信息科技有限公司,"['带薪年假', '年度旅游', '扁平管理', '美女多']",东城区,大专,产品|需求|项目类,2019-04-29,数据分析师,6k-9k,1-3年
5936295,上海,上海基分文化传播有限公司,"['专项奖金', '带薪年假', '弹性工作', '管理规范']",浦东新区,本科,产品|需求|项目类,1天前发布,资深数据分析师(002167),20k-40k,3-5年
5720477,上海,交银企业管理服务（上海）有限公司张江高科技园区分公司,[],长宁区,本科,开发|测试|运维类,1天前发布,资深数据分析经理,25k-50k,5-10年
5925674,上海,上海小牛互娱智能科技有限公司,"['年底双薪', '带薪年假', '扁平管理', '领导好']",浦东新区,本科,公务员|其他,1天前发布,数据分析实习生,4k-6k,1年以下
4703938,宁波,宁波邻家网络科技有限公司,"['带薪年假', '扁平管理', '年底双薪', '五险一金']",海曙区,本科,运营|编辑|客服类,1天前发布,数据分析实习生,5k-10k,应届毕业生
5926622,佛山,广发银行股份有限公司信用卡中心,"['管理规范', '平台大机遇好', '金融科技', '绩效奖金']",南海区,本科,产品|需求|项目类,2天前发布,数据分析资深专家（数据分析经理）,25k-40k,5-10年
5932347,北京,玖富金科控股集团有限责任公司,"['绩效奖金', '免费班车', '五险一金', '部门旅游']",朝阳区,本科,开发|测试|运维类,2天前发布,数据分析专家,20k-40k,3-5年
5927826,北京,北京瓴岳信息技术有限公司,"['14薪', '弹性工作', '零食水果', '午餐晚餐']",朝阳区,本科,产品|需求|项目类,3天前发布,数据分析工程师,15k-30k,1-3年
5894488,北京,北京盛业恒泰投资有限公司,[],朝阳区,大专,金融类,2天前发布,数据分析师助理,6k-10k,应届毕业生
5931164,北京,Biss,[],朝阳区,本科,产品|需求|项目类,2天前发布,数据分析实习,4k-5k,1年以下
5926851,上海,威斯科技（苏州）有限公司,[],普陀区,本科,开发|测试|运维类,2天前发布,资深数据分析师,30k-55k,5-10年
5927035,上海,上海享物说网络科技有限公司,"['交通补助', '带薪年假', '高颜值高学历', '年轻自由']",徐汇区,本科,开发|测试|运维类,3天前发布,资深数据分析师,15k-28k,3-5年
5515103,上海,深圳寻找母星网络科技有限公司,"['股票期权', '带薪年假']",徐汇区,本科,产品|需求|项目类,2019-05-10,数据分析工程师,11k-18k,1-3年
5601338,北京,北京达佳互联信息技术有限公司,"['股票期权', '弹性工作', '定期体检', '岗位晋升']",海淀区,本科,产品|需求|项目类,2019-04-16,数据分析专家,25k-45k,3-5年
5824380,广州,广州市原象信息科技有限公司,"['带薪年假', '年度旅游', '扁平管理', '美女多']",海珠区,本科,开发|测试|运维类,2019-05-12,数据分析师/高级数据分析师,10k-15k,1-3年
5279419,北京,智道网联科技（北京）有限公司,[],东城区,本科,产品|需求|项目类,2019-05-12,资深数据分析师,25k-50k,5-10年
5205509,北京,北京拉勾网络技术有限公司,"['五险一金', '弹性工作', '带薪年假', '免费两餐']",海淀区,本科,产品|需求|项目类,1天前发布,高级数据分析师,20k-40k,5-10年
5931346,上海,北京爱论答科技有限公司上海分公司,"['年底双薪', '带薪年假', '交通补助', '管理规范']",静安区,本科,市场|商务类,2天前发布,业务数据分析师 (MJ000165),10k-15k,1-3年
5923823,北京,车好多旧机动车经纪（北京）有限公司,"['带薪年假', '弹性工作', '免费班车', '美女多']",朝阳区,本科,产品|需求|项目类,3天前发布,商业化数据分析师,18k-28k,不限
4841257,上海,上海软科教育信息咨询有限公司,"['股票期权', '带薪年假', '绩效奖金', '任吃任喝']",闵行区,博士,产品|需求|项目类,1天前发布,高级数据分析师（排名方向）,15k-30k,不限
5765350,北京,北京三好互动教育科技有限公司,"['扁平管理', '五险一金', '带薪年假', '年终奖']",海淀区,本科,开发|测试|运维类,1天前发布,高级数据分析师,15k-18k,1-3年
5939809,成都,北京字节跳动科技有限公司,"['扁平管理', '弹性工作', '大厨定制三餐', '就近租房补贴']",成华区,本科,产品|需求|项目类,1天前发布,数据分析,5k-10k,1-3年
5515122,上海,深圳寻找母星网络科技有限公司,"['股票期权', '带薪年假']",徐汇区,本科,产品|需求|项目类,2019-05-10,初级数据分析师,6k-10k,1年以下
5819302,上海,深圳虾皮信息科技有限公司,"['外企氛围', '蓝海市场', '大牛多多', '15天年假']",徐汇区,本科,产品|需求|项目类,2019-05-08,高级数据分析师,15k-20k,3-5年
5939630,上海,上海晨之科信息技术有限公司,"['绩效奖金', '弹性工作', '扁平管理', '带薪年假']",徐汇区,本科,产品|需求|项目类,1天前发布,数据分析（必须有游戏行业经验）,25k-40k,5-10年
5748696,广州,广州荔支网络技术有限公司,"['绩效奖金', '专项奖金', '带薪年假', '弹性工作']",天河区,本科,开发|测试|运维类,1天前发布,高级数据分析工程师 (MJ000131),17k-34k,不限
5922955,福州,广州颐科数码科技有限公司,[],鼓楼区,本科,产品|需求|项目类,3天前发布,数据分析师,16k-22k,3-5年
5936844,成都,西南财经大学中国家庭金融调查与研究中心,[],青羊区,硕士,产品|需求|项目类,1天前发布,数据分析,6k-10k,不限
5924190,苏州,上海微创软件股份有限公司,"['绩效奖金', '年底双薪', '带薪年假', '定期体检']",工业园区,本科,产品|需求|项目类,1天前发布,数据分析工程师,10k-13k,1-3年
3867933,广州,广州市原象信息科技有限公司,"['带薪年假', '年度旅游', '扁平管理', '美女多']",海珠区,本科,开发|测试|运维类,2019-05-05,数据分析经理,18k-25k,5-10年
5927511,北京,北京字节跳动科技有限公司,"['扁平管理', '弹性工作', '大厨定制三餐', '就近租房补贴']",海淀区,本科,开发|测试|运维类,1天前发布,数据分析师-企业SaaS应用,25k-50k,3-5年
5939278,北京,北京云杉世界信息技术有限公司,"['技能培训', '节日礼物', '绩效奖金', '岗位晋升']",朝阳区,硕士,运营|编辑|客服类,1天前发布,数据分析师(J13022),15k-25k,1-3年
5931406,北京,慧科教育科技集团有限公司,"['专项奖金', '绩效奖金', '扁平管理', '氛围轻松']",海淀区,本科,开发|测试|运维类,2天前发布,数据分析讲师,20k-40k,3-5年
5932637,上海,上海游族互娱网络科技有限公司,"['五险一金', '岗位晋升', '弹性工作', '扁平管理']",徐汇区,本科,开发|测试|运维类,2天前发布,数据分析师,20k-40k,3-5年
5937106,上海,连尚（北京）网络科技有限公司,"['年度旅游', '绩效奖金', '带薪年假', '弹性工作']",浦东新区,不限,开发|测试|运维类,1天前发布,数据分析-风控,20k-30k,3-5年
5934008,北京,北京尚德在线教育科技有限公司,"['绩效奖金', '专项奖金', '五险一金', '带薪年假']",朝阳区,本科,综合职能|高级管理,2天前发布,数据分析,8k-12k,1年以下
5930614,上海,上海海万信息科技股份有限公司,[],静安区,大专,开发|测试|运维类,2天前发布,数据分析助理,5k-8k,1-3年
5927620,上海,上海欧拉网络技术有限公司,"['节日礼物', '带薪年假', '绩效奖金', '扁平管理']",浦东新区,本科,金融类,1天前发布,数据分析建模师,30k-50k,3-5年
5937449,杭州,杭州大搜车汽车服务有限公司,"['技能培训', 'Geek', '开放', '扁平管理']",余杭区,本科,产品|需求|项目类,1天前发布,资深数据分析师03-06-153,15k-25k,3-5年
5933352,广州,北京汇通天下物联科技有限公司,"['节日礼物', '技能培训', '专项奖金', '绩效奖金']",越秀区,本科,市场|商务类,2天前发布,数据分析主管(J12918),10k-15k,3-5年
5933063,上海,上海鱼泡泡信息科技有限公司,"['年底双薪', '带薪年假', '年度旅游', '岗位晋升']",徐汇区,本科,产品|需求|项目类,1天前发布,数据分析师,20k-30k,3-5年
5932388,上海,上海视互力商贸有限公司,"['绩效奖金', '专项奖金', '五险一金', '带薪年假']",嘉定区,本科,产品|需求|项目类,2天前发布,数据分析,8k-10k,应届毕业生
5927277,杭州,北京东方国信科技股份有限公司,"['大数据软件', '技能培训', '节日礼物', '年底双薪']",西湖区,本科,产品|需求|项目类,3天前发布,数据分析师,10k-18k,3-5年
5937348,北京,小船出海教育科技（北京）有限公司,"['股票期权', '免费三餐', '打车报销', '14薪']",海淀区,本科,产品|需求|项目类,1天前发布,数据分析(J12147),10k-20k,1-3年
4109435,广州,广州市原象信息科技有限公司,"['带薪年假', '年度旅游', '扁平管理', '美女多']",海珠区,本科,产品|需求|项目类,2019-05-05,高级数据分析师,10k-15k,1-3年
5931113,上海,上海海万信息科技股份有限公司,[],浦东新区,大专,开发|测试|运维类,2天前发布,数据分析（非开发岗）,6k-9k,1-3年
5927901,杭州,北京字节跳动科技有限公司,"['扁平管理', '弹性工作', '大厨定制三餐', '就近租房补贴']",滨江区,本科,产品|需求|项目类,1天前发布,数据分析经理,15k-25k,不限
5926694,广州,广州弟诚商贸有限公司,[],天河区,不限,产品|需求|项目类,3天前发布,数据分析,4k-6k,1-3年
5719849,北京,北京融七牛信息技术有限公司,"['股票期权', '专项奖金', '通讯津贴', '带薪年假']",海淀区,本科,开发|测试|运维类,1天前发布,数据分析高级经理,15k-30k,3-5年
5933090,上海,瑞安管理（上海）有限公司,[],黄浦区,本科,市场|商务类,2天前发布,数据分析经理,25k-33k,5-10年
5939129,北京,深圳市活力天汇科技股份有限公司,"['技能培训', '带薪年假', '扁平管理', '绩效津贴']",朝阳区,大专,运营|编辑|客服类,1天前发布,数据分析实习生,6k-9k,应届毕业生
5934928,长沙,长沙蜜獾信息科技有限公司,"['年底双薪', '技能培训', '绩效奖金', '年度旅游']",岳麓区,不限,产品|需求|项目类,1天前发布,初级数据分析师,3k-6k,不限
5938876,深圳,无忧办（深圳）咨询有限公司,[],南山区,本科,产品|需求|项目类,1天前发布,数据分析师,15k-20k,1-3年
5928686,武汉,安居客集团,"['技能培训', '绩效奖金', '岗位晋升', '管理规范']",武昌区,本科,产品|需求|项目类,2天前发布,数据分析师,8k-15k,5-10年
5937788,深圳,深圳市惠享网络科技有限公司,[],龙岗区,本科,产品|需求|项目类,1天前发布,数据分析师,8k-12k,1-3年
5936926,北京,北京百墨佳科技有限公司,[],朝阳区,本科,产品|需求|项目类,1天前发布,数据分析总监/专家,50k-100k,5-10年
5930532,成都,成都智信电子技术有限公司,"['股票期权', '绩效奖金', '带薪年假', '午餐补助']",成华区,本科,产品|需求|项目类,2天前发布,数据分析师,6k-8k,1-3年
5937098,北京,北京天鹏恒宇科技发展有限公司,"['绩效奖金', '五险一金', '带薪年假', '午餐补助']",海淀区,硕士,开发|测试|运维类,1天前发布,R语言数据分析师,15k-30k,1-3年
5923440,北京,上海微创软件股份有限公司,"['绩效奖金', '年底双薪', '带薪年假', '定期体检']",海淀区,本科,开发|测试|运维类,1天前发布,数据分析与模型开发工程师,8k-10k,不限
5932119,深圳,北京字节跳动科技有限公司,"['扁平管理', '弹性工作', '大厨定制三餐', '就近租房补贴']",南山区,本科,产品|需求|项目类,1天前发布,数据分析师,8k-15k,1-3年
5923440,北京,上海微创软件股份有限公司,"['绩效奖金', '年底双薪', '带薪年假', '定期体检']",海淀区,本科,开发|测试|运维类,1天前发布,数据分析与模型开发工程师,8k-10k,不限
5932220,北京,度小满科技（北京）有限公司,"['年底双薪', '五险一金', '弹性工作', '节日礼物']",海淀区,本科,产品|需求|项目类,2天前发布,高级数据分析师,25k-50k,5-10年
5933936,北京,北京小鹏汽车有限公司,[],海淀区,本科,开发|测试|运维类,2天前发布,资深数据分析师,15k-30k,1-3年
5933898,北京,时趣互动（北京）科技有限公司,"['弹性工作', '年终奖金', '个性福利', '带薪年假']",朝阳区,本科,产品|需求|项目类,1天前发布,校招-数据分析师,6k-8k,应届毕业生
5933009,上海,上海房多多网络科技有限公司,"['技能培训', '节日礼物', '带薪年假', '岗位晋升']",闸北区,不限,产品|需求|项目类,2天前发布,数据分析,10k-20k,1-3年
5929512,杭州,杭州颉码能源科技有限公司,[],滨江区,本科,产品|需求|项目类,2天前发布,数据分析,10k-15k,1-3年
5935113,北京,泰康之家（北京）投资有限公司,"['年底双薪', '带薪年假', '绩效奖金', '年度旅游']",朝阳区,本科,产品|需求|项目类,1天前发布,数据分析师,20k-35k,5-10年
5936306,深圳,深圳市恒易嘉德科技有限公司,[],南山区,本科,产品|需求|项目类,1天前发布,数据分析师,15k-25k,3-5年
5934445,杭州,北京东方国信科技股份有限公司,"['大数据软件', '技能培训', '节日礼物', '年底双薪']",西湖区,本科,产品|需求|项目类,1天前发布,数据分析师,10k-20k,不限
5937472,北京,北京有大家科技有限公司,"['带薪年假', '领导好', '扁平管理', '节日礼物']",朝阳区,本科,开发|测试|运维类,1天前发布,数据分析师,6k-12k,1-3年
5932835,北京,北京捷翊汽车租赁有限责任公司,[],朝阳区,本科,运营|编辑|客服类,2天前发布,数据分析师,8k-12k,1-3年
5935945,深圳,深圳市奇茗香茶业商贸有限公司,[],宝安区,本科,产品|需求|项目类,1天前发布,数据分析师,20k-40k,3-5年
5923855,北京,北京思维造物信息科技有限公司,"['扁平管理', '帅哥多', '领导好', '美女多']",朝阳区,本科,产品|需求|项目类,3天前发布,数据分析师,30k-50k,5-10年
5923458,北京,北京云杉世界信息技术有限公司,"['技能培训', '节日礼物', '绩效奖金', '岗位晋升']",朝阳区,本科,产品|需求|项目类,3天前发布,数据分析师(J13454),25k-30k,1-3年
5936354,北京,北京字节跳动科技有限公司,"['扁平管理', '弹性工作', '大厨定制三餐', '就近租房补贴']",海淀区,本科,产品|需求|项目类,1天前发布,数据分析师,20k-30k,3-5年
5926613,北京,北京云杉世界信息技术有限公司,"['技能培训', '节日礼物', '绩效奖金', '岗位晋升']",朝阳区,本科,产品|需求|项目类,2天前发布,数据分析经理,15k-25k,1-3年
5931608,杭州,微贷（杭州）金融信息服务有限公司,"['绩效奖金', '岗位晋升', '年度旅游', '定期体检']",江干区,不限,开发|测试|运维类,2天前发布,系统数据分析(J10992),15k-25k,不限
5924932,成都,成都墨科睿区块链科技有限公司,[],高新区,大专,开发|测试|运维类,3天前发布,数据分析师/python爬虫,4k-8k,1年以下
5930399,北京,上海梓颂信息科技有限公司,[],海淀区,大专,产品|需求|项目类,2天前发布,初级数据分析师,7k-9k,1-3年
5930015,北京,一点网聚科技有限公司,"['带薪年假', '午餐补助', '扁平管理', '弹性工作']",朝阳区,本科,产品|需求|项目类,2天前发布,数据分析专员,10k-20k,3-5年
5937161,北京,北京天鹏恒宇科技发展有限公司,"['绩效奖金', '五险一金', '带薪年假', '午餐补助']",海淀区,本科,开发|测试|运维类,1天前发布,医学数据分析,8k-15k,1-3年
5937224,上海,上海裕宸实业发展有限公司,[],普陀区,硕士,运营|编辑|客服类,1天前发布,配送数据分析专家,30k-40k,3-5年
5937980,广州,广州万德信息咨询服务有限公司,[],天河区,大专,金融类,1天前发布,金融数据分析师（周末双休+购买五险）,3k-5k,应届毕业生
5925620,深圳,上海微创软件股份有限公司,"['绩效奖金', '年底双薪', '带薪年假', '定期体检']",南山区,大专,运营|编辑|客服类,1天前发布,小游戏数据分析专员,6k-8k,1-3年
5937933,上海,众安在线财产保险股份有限公司,"['定期体检', '每天下午茶', '六险一金', '年度体检']",虹口区,本科,开发|测试|运维类,1天前发布,金融数据分析师,15k-25k,3-5年
5926587,深圳,华为技术有限公司,"['福利完善', '国际化平台', '定期体检', '绩效奖金']",龙岗区,博士,开发|测试|运维类,3天前发布,数据分析高级工程师/算法高级工程师,25k-50k,不限
5151346,上海,上海数禾信息科技有限公司,"['股票期权', '通讯津贴', '交通补助', '午餐补助']",浦东新区,本科,产品|需求|项目类,1天前发布,数据分析师,15k-30k,3-5年
5529993,上海,上海汇付数据服务有限公司,"['年底双薪', '带薪年假', '绩效奖金', '年度旅游']",徐汇区,本科,产品|需求|项目类,3天前发布,数据分析,10k-20k,3-5年
5688572,北京,凤凰飞扬（北京）新媒体信息技术有限公司,"['免费班车', '八险一金', '各色型男', '过节大礼包']",朝阳区,本科,产品|需求|项目类,2天前发布,数据分析师,10k-20k,1-3年
3183977,上海,达疆网络科技（上海）有限公司,"['年底双薪', '绩效奖金', '岗位晋升', '定期体检']",浦东新区,本科,产品|需求|项目类,1天前发布,数据分析师,15k-25k,3-5年
5500720,上海,上海陆家嘴国际金融资产交易市场股份有限公司,"['年底双薪', '专项奖金', '股票期权', '绩效奖金']",浦东新区,本科,开发|测试|运维类,00:00发布,25210V-数据分析师,13k-26k,3-5年
5545028,北京,北京金堤科技有限公司,"['专项奖金', '股票期权', '带薪年假', '定期体检']",海淀区,硕士,产品|需求|项目类,1天前发布,大数据分析师,15k-30k,不限
4584794,北京,车好多旧机动车经纪（北京）有限公司,"['带薪年假', '弹性工作', '免费班车', '美女多']",朝阳区,本科,产品|需求|项目类,1天前发布,数据分析师（金融）,20k-40k,3-5年
5319175,上海,上海喔噻互联网科技有限公司,"['工程师文化', '年轻朝气', '弹性工作', '股票期权']",普陀区,本科,开发|测试|运维类,1天前发布,数据分析师（数据中心）,15k-25k,1-3年
917502,深圳,深圳市和讯华谷信息技术有限公司,"['五险一金', '文体活动', '团建旅游', '美味晚餐']",南山区,本科,产品|需求|项目类,1天前发布,数据分析师,8k-15k,1-3年
4385214,武汉,武汉微派网络科技有限公司,"['年底双薪', '股票期权', '扁平管理', '弹性工作']",东湖新技术开发区,本科,产品|需求|项目类,3天前发布,数据分析师,15k-25k,3-5年
5294402,广州,广州华多网络科技有限公司,"['技能培训', '节日礼物', '无息贷款', '绩效奖金']",番禺区,本科,开发|测试|运维类,2019-05-09,数据分析师 (MJ001409),10k-20k,3-5年
5338443,北京,北京世纪好未来教育科技有限公司,"['上市公司', '领军企业', '五险一金', '住福计划']",海淀区,本科,产品|需求|项目类,2019-04-24,数据分析,18k-30k,5-10年
5075030,北京,阳光保险集团股份有限公司,"['绩效奖金', '五险一金', '通讯津贴', '交通补助']",朝阳区,本科,金融类,08:45发布,数据分析岗,15k-25k,1-3年
5834471,上海,上海欢兽实业有限公司,"['绩效奖金', '股票期权', '交通补助', '十五薪']",静安区,本科,产品|需求|项目类,1天前发布,数据分析（风控）,10k-20k,1-3年
3975218,郑州,中移在线服务有限公司,[],高新区,本科,开发|测试|运维类,1天前发布,数据分析（互联网运营中心）,12k-24k,3-5年
5887136,武汉,武汉软帝联合科技有限公司,"['年底双薪', '带薪年假', '绩效奖金', '定期体检']",江汉区,大专,产品|需求|项目类,08:31发布,数据分析,6k-9k,1-3年
5295267,上海,上海流利说信息技术有限公司,"['弹性工作', '五险一金', '年底双薪', '硅谷文化']",杨浦区,本科,开发|测试|运维类,1天前发布,数据分析,20k-40k,3-5年
5899330,杭州,厦门美柚信息科技有限公司,"['绩效奖金', '股票期权', '年底双薪', '专项奖金']",余杭区,本科,产品|需求|项目类,1天前发布,数据分析（产品方向）,8k-15k,不限
5579971,深圳,上海陆家嘴国际金融资产交易市场股份有限公司,"['年底双薪', '专项奖金', '股票期权', '绩效奖金']",福田区,本科,市场|商务类,00:00发布,25212E-数据分析岗,10k-15k,3-5年
4996784,北京,车好多旧机动车经纪（北京）有限公司,"['带薪年假', '弹性工作', '免费班车', '美女多']",朝阳区,本科,产品|需求|项目类,1天前发布,数据分析师（数据策略方向）,15k-30k,3-5年
3290614,上海,达疆网络科技（上海）有限公司,"['年底双薪', '绩效奖金', '岗位晋升', '定期体检']",浦东新区,本科,产品|需求|项目类,1天前发布,数据分析师（中高级）,15k-25k,3-5年
5620108,北京,北京快看世界信息技术有限公司,"['股票期权', '年度体检', '七险一金', '带薪假期']",朝阳区,本科,产品|需求|项目类,1天前发布,数据分析,15k-25k,3-5年
5913206,北京,北京弘合柏基金融信息服务有限责任公司,"['岗位晋升', '股票期权', '绩效奖金', '定期体检']",朝阳区,本科,产品|需求|项目类,1天前发布,数据分析（融资方向）,8k-14k,1-3年
5451656,上海,挖财网络技术有限公司,"['年底多薪', '岗位晋升', '定期体检', '五险一金']",浦东新区,不限,开发|测试|运维类,1天前发布,数据分析实习生 (MJ000998),2k-4k,不限
4916502,北京,小小黛朵（北京）科技有限公司,"['股票期权', '带薪年假', '功夫熊按摩', '杀人游戏']",海淀区,本科,开发|测试|运维类,1天前发布,数据分析,15k-25k,3-5年
5696787,广州,上海易娱网络科技有限公司广州分公司,"['技能培训', '节日礼物', '绩效奖金', '岗位晋升']",天河区,本科,运营|编辑|客服类,1天前发布,数据分析,8k-12k,1-3年
5686704,北京,北京木瓜移动科技股份有限公司,"['五险一金', '岗位晋升', '技能培训', '定期体检']",海淀区,本科,产品|需求|项目类,1天前发布,数据分析,10k-20k,3-5年
5798240,深圳,深圳蓝贝科技有限公司,"['股票期权', '绩效奖金', '岗位晋升', '年度旅游']",南山区,本科,产品|需求|项目类,1天前发布,数据分析,12k-20k,3-5年
5784690,北京,乐学在线教育科技（北京）有限公司,"['年底双薪', '股票期权', '午餐补助', '带薪年假']",朝阳区,不限,开发|测试|运维类,1天前发布,数据分析 (MJ000149),15k-25k,不限
5728286,深圳,海南新浪爱问普惠科技有限公司,"['午餐补助', '通讯津贴', '带薪年假', '交通补助']",南山区,本科,产品|需求|项目类,1天前发布,数据分析,15k-20k,3-5年
5644738,上海,完美世界（北京）软件科技发展有限公司,"['绩效奖金', '五险一金', '带薪年假', '年度旅游']",杨浦区,本科,产品|需求|项目类,1天前发布,数据分析,15k-30k,3-5年
5919324,深圳,深圳市新国都股份有限公司,"['绩效奖金', '股票期权', '年底双薪', '专项奖金']",南山区,本科,产品|需求|项目类,1天前发布,数据分析（风控方向）,7k-12k,1-3年
5915035,武汉,传神语联网网络科技股份有限公司,"['扁平管理', '亚洲5强', '美女多', '六险一金']",东湖新技术开发区,本科,产品|需求|项目类,1天前发布,数据分析,4k-5k,1年以下
4430005,北京,车好多旧机动车经纪（北京）有限公司,"['带薪年假', '弹性工作', '免费班车', '美女多']",朝阳区,本科,产品|需求|项目类,1天前发布,数据分析师,15k-30k,3-5年
5895091,上海,广东省电信规划设计院有限公司,"['绩效奖金', '带薪年假', '通讯津贴', '年底双薪']",虹口区,本科,产品|需求|项目类,1天前发布,数据分析,7k-10k,1-3年
5482652,北京,上海花千树信息科技有限公司北京分公司,"['节日礼物', '技能培训', '绩效奖金', '岗位晋升']",朝阳区,本科,产品|需求|项目类,1天前发布,数据分析,8k-15k,1-3年
4584644,广州,广东赢商网数据服务股份有限公司,"['绩效奖金', '年终分红', '年底双薪', '五险一金']",天河区,本科,产品|需求|项目类,1天前发布,数据分析（实习）,3k-4k,不限
5237655,深圳,深圳市瑞宝麟财富投资管理有限公司,"['带薪年假', '节日礼物', '领导好', '弹性工作']",南山区,本科,开发|测试|运维类,2天前发布,数据分析,10k-15k,1-3年
5523541,青岛,青岛国信城市信息科技有限公司,[],黄岛区,本科,产品|需求|项目类,2天前发布,数据分析,10k-20k,1-3年
5253335,北京,北京大米未来科技有限公司,"['绩效奖金', '股票期权', '五险一金', '带薪年假']",朝阳区,本科,产品|需求|项目类,2天前发布,数据分析经理（用户）,15k-30k,5-10年
4807455,北京,深圳瑞银信信息技术有限公司,"['带薪年假', '管理规范', '五险一金', '岗位晋升']",朝阳区,本科,开发|测试|运维类,2天前发布,数据分析,10k-20k,不限
5783436,深圳,鹏元征信有限公司,"['节日礼物', '绩效奖金', '年度旅游', '岗位晋升']",福田区,本科,产品|需求|项目类,08:54发布,数据分析师（数据运营）,15k-25k,3-5年
5840481,杭州,格上出行服务有限公司,[],萧山区,大专,产品|需求|项目类,08:51发布,数据分析师,4k-6k,不限
5587569,广州,广州幸福家科技有限公司,"['股票期权', '弹性工作', '简单直接', '岗位晋升']",越秀区,本科,产品|需求|项目类,08:51发布,数据分析师,8k-15k,1-3年
5592108,深圳,深圳市路通网络技术有限公司,"['五险一金', '带薪年假', '节日礼物', '年度旅游']",南山区,本科,产品|需求|项目类,08:48发布,数据分析员,10k-15k,1-3年
5830151,南京,北京阿博茨科技有限公司,"['五天工作制', '带薪假期', '健康午餐', '体育课']",雨花台区,不限,开发|测试|运维类,2天前发布,数据分析 (MJ000141),9k-14k,1-3年
5316172,苏州,苏州瑞鹏信息技术有限公司,[],工业园区,硕士,产品|需求|项目类,08:35发布,数据分析师,12k-24k,1-3年
3246596,北京,北京四达时代软件技术股份有限公司,"['年底双薪', '专项奖金', '绩效奖金', '交通补助']",大兴区,本科,产品|需求|项目类,08:34发布,数据分析师,18k-25k,3-5年
3246596,北京,北京四达时代软件技术股份有限公司,"['年底双薪', '专项奖金', '绩效奖金', '交通补助']",大兴区,本科,产品|需求|项目类,08:34发布,数据分析师,18k-25k,3-5年
5246226,成都,成都聚思力信息技术有限公司,"['绩效奖金', '带薪年假', '交通补助', '午餐补助']",高新区,本科,开发|测试|运维类,08:32发布,大数据分析师,15k-25k,1-3年
5922501,上海,上海轻轻信息科技有限公司,"['顶级VC投资', '央视报道', '赛道第一', '产品驱动']",徐汇区,本科,产品|需求|项目类,1天前发布,数据分析师,15k-25k,3-5年
4130779,深圳,深圳微众税银信息服务有限公司,"['年底双薪', '午餐补助', '年终分红', '绩效奖金']",南山区,硕士,产品|需求|项目类,1天前发布,数据分析师,10k-18k,不限
5918600,上海,北京自如友家资产管理有限公司,"['丰厚年薪', '六险一金', '健康体检', '带薪年假']",徐汇区,本科,产品|需求|项目类,2天前发布,数据分析,6k-10k,不限
5288845,杭州,杭州智屏电子商务有限公司,"['股票期权', '年度奖金', '五险一金', '扁平管理']",余杭区,本科,产品|需求|项目类,2天前发布,数据分析,10k-20k,3-5年
4735530,南京,飞友科技有限公司,"['节日礼物', '年度旅游', '管理规范', '五险一金']",秦淮区,本科,开发|测试|运维类,2天前发布,数据分析（南京）,10k-15k,1-3年
5804426,苏州,同程网络科技股份有限公司,"['绩效奖金', '股票期权', '年底双薪', '五险一金']",工业园区,本科,产品|需求|项目类,2天前发布,数据分析,20k-30k,3-5年
5832094,上海,上海哔哩哔哩科技有限公司,"['带薪年假', '绩效奖金', '交通补助', '午餐补助']",杨浦区,本科,产品|需求|项目类,2天前发布,数据分析（生态运营） (MJ000121),15k-30k,1-3年
5823065,北京,北京三快在线科技有限公司,"['技能培训', '绩效奖金', '岗位晋升', '领导好']",朝阳区,本科,开发|测试|运维类,2天前发布,数据分析（业务策略）,20k-30k,3-5年
5598817,苏州,苏州瑞小云信息科技有限公司,"['绩效奖金', '专项奖金', '股票期权', '年度旅游']",工业园区,本科,产品|需求|项目类,08:30发布,数据分析师,15k-25k,3-5年
5899704,北京,北京易观智库网络科技有限公司,"['专项奖金', '午餐补助', '技能培训', '扁平管理']",朝阳区,不限,产品|需求|项目类,1天前发布,数据分析师,20k-35k,5-10年
5804640,上海,上海数禾信息科技有限公司,"['股票期权', '通讯津贴', '交通补助', '午餐补助']",浦东新区,本科,产品|需求|项目类,1天前发布,数据分析师,15k-30k,3-5年
2382205,杭州,浙江森马电子商务有限公司,"['节日礼物', '技能培训', '绩效奖金', '年度旅游']",西湖区,本科,产品|需求|项目类,05:52发布,数据分析师,8k-12k,1-3年
4143575,北京,久爱致和（北京）科技有限公司,"['节日礼物', '技能培训', '绩效奖金', '年度旅游']",海淀区,本科,产品|需求|项目类,07:35发布,数据分析员,6k-10k,1-3年
4535740,北京,北京自如友家资产管理有限公司,"['丰厚年薪', '六险一金', '健康体检', '带薪年假']",朝阳区,本科,产品|需求|项目类,2天前发布,数据分析经理,15k-30k,5-10年
5389270,深圳,深圳市立创电子商务有限公司,"['节日礼物', '五险一金', '水果、下午茶', '带薪年假']",福田区,本科,开发|测试|运维类,00:30发布,数据分析师（用户方向）,15k-20k,3-5年
5409676,深圳,平安科技（深圳）有限公司,"['六险一金', '扁平化管理', '丰厚年终', '丰富技术交流']",南山区,本科,开发|测试|运维类,00:00发布,11124Z-数据分析工程师-云技术服务,20k-40k,3-5年
5785645,深圳,中国平安财产保险股份有限公司,"['绩效奖金 ', '五险一金 ', '带薪年假 ', '年度旅游 ']",福田区,本科,综合职能|高级管理,00:00发布,032281-数据分析岗,11k-20k,1-3年
3045803,杭州,杭州观数信息科技有限公司,"['股票期权', '绩效奖金', '带薪年假', '弹性工作']",余杭区,本科,产品|需求|项目类,1天前发布,数据分析师,12k-24k,3-5年
5672823,北京,北京五八到家信息技术有限公司,"['节日礼物', '技能培训', '股票期权', '免费班车']",朝阳区,大专,产品|需求|项目类,1天前发布,（高级）数据分析师,14k-20k,3-5年
5407651,上海,上海晶赞融宣科技有限公司,"['项目奖金', '带薪休假', '美女多', '硅谷工作机会']",闸北区,硕士,产品|需求|项目类,1天前发布,数据分析师,10k-20k,不限
5533861,广州,武汉屈臣氏个人用品商店有限公司广州分公司,"['年底双薪', '带薪年假', '定期体检', '补充商业保险']",越秀区,大专,市场|商务类,1天前发布,数据分析师（会员营销）,10k-15k,3-5年
5388108,上海,上海阑途信息技术有限公司,"['技能培训', '节日礼物', '岗位晋升', '领导好']",闵行区,本科,产品|需求|项目类,1天前发布,数据分析师,15k-20k,1-3年
5871074,深圳,深圳市瑞宝麟财富投资管理有限公司,"['带薪年假', '节日礼物', '领导好', '弹性工作']",南山区,本科,开发|测试|运维类,1天前发布,数据分析师,10k-15k,1-3年
5825940,武汉,武汉斗鱼网络科技有限公司,"['技能培训', '绩效奖金', '年度旅游', '管理规范']",洪山区,本科,综合职能|高级管理,1天前发布,数据分析师,8k-12k,3-5年
5620063,北京,北京快看世界信息技术有限公司,"['股票期权', '年度体检', '七险一金', '带薪假期']",朝阳区,本科,产品|需求|项目类,1天前发布,数据分析师,15k-25k,3-5年
5494730,郑州,中移在线服务有限公司,[],高新区,本科,产品|需求|项目类,1天前发布,大数据分析师,15k-25k,3-5年
3908272,南京,南京浦和数据有限公司,"['五险一金', '绩效奖金', '带薪年假', '法定节假']",栖霞区,本科,开发|测试|运维类,1天前发布,数据分析师,10k-20k,不限
5779914,北京,上海证大喜马拉雅网络科技有限公司,"['年底双薪', '股票期权', '带薪年假', '绩效奖金']",朝阳区,本科,产品|需求|项目类,1天前发布,数据分析师,15k-30k,3-5年
4535740,北京,北京自如友家资产管理有限公司,"['丰厚年薪', '六险一金', '健康体检', '带薪年假']",朝阳区,本科,产品|需求|项目类,2天前发布,数据分析经理,15k-30k,5-10年
5469579,北京,北京北大软件工程股份有限公司,"['节日礼物', '带薪年假', '绩效奖金', '年度旅游']",海淀区,本科,开发|测试|运维类,09:05发布,大数据分析师,15k-30k,1-3年
5389270,深圳,深圳市立创电子商务有限公司,"['节日礼物', '五险一金', '水果、下午茶', '带薪年假']",福田区,本科,开发|测试|运维类,00:30发布,数据分析师（用户方向）,15k-20k,3-5年
5409676,深圳,平安科技（深圳）有限公司,"['六险一金', '扁平化管理', '丰厚年终', '丰富技术交流']",南山区,本科,开发|测试|运维类,00:00发布,11124Z-数据分析工程师-云技术服务,20k-40k,3-5年
5785645,深圳,中国平安财产保险股份有限公司,"['绩效奖金 ', '五险一金 ', '带薪年假 ', '年度旅游 ']",福田区,本科,综合职能|高级管理,00:00发布,032281-数据分析岗,11k-20k,1-3年
5672823,北京,北京五八到家信息技术有限公司,"['节日礼物', '技能培训', '股票期权', '免费班车']",朝阳区,大专,产品|需求|项目类,1天前发布,（高级）数据分析师,14k-20k,3-5年
5533861,广州,武汉屈臣氏个人用品商店有限公司广州分公司,"['年底双薪', '带薪年假', '定期体检', '补充商业保险']",越秀区,大专,市场|商务类,1天前发布,数据分析师（会员营销）,10k-15k,3-5年
5388108,上海,上海阑途信息技术有限公司,"['技能培训', '节日礼物', '岗位晋升', '领导好']",闵行区,本科,产品|需求|项目类,1天前发布,数据分析师,15k-20k,1-3年
5825940,武汉,武汉斗鱼网络科技有限公司,"['技能培训', '绩效奖金', '年度旅游', '管理规范']",洪山区,本科,综合职能|高级管理,1天前发布,数据分析师,8k-12k,3-5年
5620063,北京,北京快看世界信息技术有限公司,"['股票期权', '年度体检', '七险一金', '带薪假期']",朝阳区,本科,产品|需求|项目类,1天前发布,数据分析师,15k-25k,3-5年
5494730,郑州,中移在线服务有限公司,[],高新区,本科,产品|需求|项目类,1天前发布,大数据分析师,15k-25k,3-5年
3908272,南京,南京浦和数据有限公司,"['五险一金', '绩效奖金', '带薪年假', '法定节假']",栖霞区,本科,开发|测试|运维类,1天前发布,数据分析师,10k-20k,不限
5733985,深圳,深圳前海达飞金融服务有限公司,"['年底双薪', '节日礼物', '技能培训', '年度旅游']",福田区,本科,金融类,1天前发布,数据分析师（评分卡）,12k-20k,3-5年
5126024,北京,宝宝树（北京）信息技术有限公司,"['商业医疗保险', '股票期权', '带薪年假', '扁平管理']",朝阳区,本科,开发|测试|运维类,1天前发布,数据分析师(000471),20k-40k,1-3年
5780722,北京,北京嗨学网教育科技股份有限公司,"['技能培训', '节日礼物', '带薪年假', '绩效奖金']",朝阳区,本科,产品|需求|项目类,1天前发布,数据分析师,15k-30k,3-5年
5758103,深圳,深圳前海达飞金融服务有限公司,"['年底双薪', '节日礼物', '技能培训', '年度旅游']",福田区,本科,开发|测试|运维类,1天前发布,数据分析师（经营管理）,8k-15k,1-3年
5780722,北京,北京嗨学网教育科技股份有限公司,"['技能培训', '节日礼物', '带薪年假', '绩效奖金']",朝阳区,本科,产品|需求|项目类,1天前发布,数据分析师,15k-30k,3-5年
5912689,北京,北京多知科技有限公司,[],朝阳区,本科,产品|需求|项目类,1天前发布,数据分析师,15k-30k,3-5年
5920778,北京,北京粉笔未来科技有限公司,"['股票期权', '年底双薪', '五险一金', '带薪年假']",朝阳区,本科,产品|需求|项目类,1天前发布,数据分析师,15k-30k,3-5年
3803867,北京,北京新工场投资顾问有限公司,"['年底双薪', '节日礼物', '技能培训', '绩效奖金']",朝阳区,本科,开发|测试|运维类,1天前发布,数据分析师,10k-20k,1-3年
5695464,北京,凡普金科集团有限公司,"['年底双薪', '节日礼物', '技能培训', '带薪年假']",东城区,本科,开发|测试|运维类,1天前发布,数据分析师,20k-35k,5-10年
5915782,北京,北京闪银奇异科技有限公司,"['13~15薪', '晋升空间大', '定期体检', '能力定薪']",朝阳区,本科,产品|需求|项目类,1天前发布,数据分析师,15k-25k,3-5年
5792515,北京,北京大米未来科技有限公司,"['绩效奖金', '股票期权', '五险一金', '带薪年假']",朝阳区,本科,产品|需求|项目类,1天前发布,数据分析师,15k-25k,1-3年
5828609,北京,达疆网络科技（上海）有限公司,"['年底双薪', '绩效奖金', '岗位晋升', '定期体检']",大兴区,本科,产品|需求|项目类,1天前发布,数据分析师,20k-30k,3-5年
5456635,上海,上海亚朵商业管理（集团）股份有限公司,"['绩效奖金', '带薪年假', '定期体检', '温馨早餐']",闵行区,本科,产品|需求|项目类,1天前发布,数据分析师,20k-25k,3-5年
5864318,上海,上海永辉云创科技有限公司,"['股票期权', '带薪年假', '扁平管理', '管理规范']",徐汇区,本科,产品|需求|项目类,1天前发布,数据分析师,25k-40k,3-5年
5744502,上海,挖财网络技术有限公司,"['年底多薪', '岗位晋升', '定期体检', '五险一金']",浦东新区,不限,开发|测试|运维类,1天前发布,数据分析师 (MJ001038),15k-25k,1-3年
5304999,上海,虎扑（上海）文化传播股份有限公司,"['上班看球赛', '运动俱乐部', '大神分享会', '偶像零距离']",虹口区,本科,开发|测试|运维类,1天前发布,数据分析师,20k-30k,3-5年
5906824,北京,中国信息通信研究院,"['年终分红', '绩效奖金', '带薪年假', '午餐补助']",海淀区,本科,开发|测试|运维类,1天前发布,数据分析师SXG10,8k-10k,1-3年
5879113,成都,四川锦程消费金融有限责任公司,[],武侯区,本科,产品|需求|项目类,2天前发布,数据分析,9k-15k,1-3年
5781109,北京,凡普金科集团有限公司,"['年底双薪', '节日礼物', '技能培训', '带薪年假']",东城区,本科,产品|需求|项目类,1天前发布,数据分析师,20k-30k,3-5年
5864484,上海,虎扑（上海）文化传播股份有限公司,"['上班看球赛', '运动俱乐部', '大神分享会', '偶像零距离']",虹口区,本科,产品|需求|项目类,1天前发布,数据分析师（小回音APP）,10k-20k,3-5年
5598817,苏州,苏州瑞小云信息科技有限公司,"['绩效奖金', '专项奖金', '股票期权', '年度旅游']",工业园区,本科,产品|需求|项目类,08:30发布,数据分析师,15k-25k,3-5年
5645952,上海,上海任意门科技有限公司,"['外企氛围', '年轻活力娱乐', '有才华的团队', '技术导向']",浦东新区,本科,开发|测试|运维类,1天前发布,数据分析师,20k-40k,3-5年
5440536,广州,广州悦跑信息科技有限公司,"['节日礼物', '带薪年假', '年度旅游', '美女多']",天河区,本科,产品|需求|项目类,1天前发布,数据分析师（初级）,4k-8k,1年以下
5805757,北京,中信百信银行股份有限公司,"['扁平管理', '管理规范', '岗位晋升']",朝阳区,本科,产品|需求|项目类,1天前发布,数据分析师,20k-30k,3-5年
5827281,北京,北京下厨房科技有限公司,"['五险一金', '弹性工作', '带薪年假', '股票期权']",海淀区,本科,产品|需求|项目类,1天前发布,数据分析师,14k-20k,1-3年
5895438,北京,北京心更远科技发展有限公司,"['在线教育', '数学思维', '带薪年假', '定期体检']",朝阳区,本科,产品|需求|项目类,1天前发布,数据分析师 (MJ000438),15k-25k,1年以下
5662282,北京,北京高因科技有限公司,"['绩效奖金', '交通补助', '带薪年假', '通讯津贴']",东城区,本科,开发|测试|运维类,1天前发布,大数据分析师,20k-40k,3-5年
4467010,杭州,杭州嘉云数据科技有限公司,"['海量大数据', '世界级产品', 'AI', '智能供应链']",西湖区,本科,产品|需求|项目类,1天前发布,数据分析师（BI）,8k-15k,1-3年
4057574,北京,北京造化科技有限公司,"['年底双薪', '股票期权', '绩效奖金', '节日礼物']",朝阳区,本科,产品|需求|项目类,1天前发布,数据分析师,10k-15k,5-10年
4117345,成都,四川新网银行股份有限公司,"['带薪年假', '交通补助', '通讯津贴', '美女多']",高新区,本科,开发|测试|运维类,1天前发布,数据分析师,15k-30k,5-10年
5778984,深圳,上海氪信信息技术有限公司,[],南山区,本科,开发|测试|运维类,1天前发布,数据分析师（深圳）,10k-20k,不限
5611937,深圳,深圳市库盒科技有限公司,[],南山区,本科,产品|需求|项目类,1天前发布,数据分析师,15k-25k,3-5年
5420463,深圳,深圳市随手科技有限公司,"['带薪年假', '弹性工作时间', '年度旅游', '岗位晋升']",南山区,本科,产品|需求|项目类,1天前发布,数据分析师,13k-25k,3-5年
5719810,北京,上海任意门科技有限公司,"['外企氛围', '年轻活力娱乐', '有才华的团队', '技术导向']",海淀区,本科,产品|需求|项目类,1天前发布,数据分析师,15k-30k,3-5年
5440507,广州,广州悦跑信息科技有限公司,"['节日礼物', '带薪年假', '年度旅游', '美女多']",天河区,本科,产品|需求|项目类,1天前发布,数据分析师（中级）,8k-15k,1-3年
5247557,北京,北京心更远科技发展有限公司,"['在线教育', '数学思维', '带薪年假', '定期体检']",朝阳区,本科,开发|测试|运维类,1天前发布,数据分析师,15k-20k,1-3年
5452870,北京,北京高因科技有限公司,"['绩效奖金', '交通补助', '带薪年假', '通讯津贴']",东城区,本科,产品|需求|项目类,1天前发布,数据分析师,10k-15k,1-3年
5823708,北京,上海氪信信息技术有限公司,[],东城区,本科,产品|需求|项目类,1天前发布,数据分析师（北京）,10k-20k,不限
5420463,深圳,深圳市随手科技有限公司,"['带薪年假', '弹性工作时间', '年度旅游', '岗位晋升']",南山区,本科,产品|需求|项目类,1天前发布,数据分析师,13k-25k,3-5年
5896736,北京,北京网信金服信息科技有限公司,"['定期体检', '午餐补助', '带薪年假', '弹性工作']",朝阳区,本科,产品|需求|项目类,1天前发布,数据分析师（数据产品方向）,15k-25k,3-5年
5483537,北京,北京纯粹旅行有限公司,"['带薪年假', '绩效奖金', '岗位晋升', '年度旅游']",朝阳区,本科,产品|需求|项目类,1天前发布,数据分析师,12k-22k,1-3年
5479849,上海,算话智能科技有限公司,"['股票期权', '交通补助', '绩效奖金', '优秀团队']",长宁区,本科,产品|需求|项目类,1天前发布,大数据分析师,9k-18k,1-3年
5762557,上海,上海莉莉丝科技股份有限公司,"['都是萌妹子', '项目奖金', '零食无限量', '牛逼的同事']",闵行区,本科,开发|测试|运维类,1天前发布,数据分析师,12k-24k,1-3年
5265178,广州,广东联邦车网科技股份有限公司,"['年底双薪', '绩效奖金', '带薪年假', '定期体检']",海珠区,本科,运营|编辑|客服类,1天前发布,数据分析师,7k-12k,3-5年
4910076,杭州,杭州微易信息科技有限公司,"['节日礼物', '带薪年假', '年度旅游', '定期体检']",西湖区,本科,开发|测试|运维类,1天前发布,数据分析师,8k-15k,1-3年
5806135,深圳,微民保险代理有限公司,"['带薪年假', '交通补助', '通讯津贴', '定期体检']",南山区,本科,产品|需求|项目类,1天前发布,数据分析师,10k-20k,1-3年
4765174,上海,创络（上海）数据科技有限公司,"['绩效奖金', '股票期权', '弹性工作', '美女多']",徐汇区,本科,产品|需求|项目类,1天前发布,大数据分析师,15k-25k,3-5年
3760775,北京,北京一览科技有限公司,"['股票期权', '弹性工作', '领导好', '扁平管理']",朝阳区,本科,开发|测试|运维类,1天前发布,数据分析师,20K-40K,1-3年
5031502,上海,百融金融信息服务股份有限公司,"['技能培训', '股票期权', '带薪年假', '定期体检']",浦东新区,本科,产品|需求|项目类,09:39发布,数据分析师,10k-20k,应届毕业生
5355366,深圳,杭州观数信息科技有限公司,"['股票期权', '绩效奖金', '带薪年假', '弹性工作']",南山区,本科,产品|需求|项目类,09:26发布,数据分析师,15k-30k,1-3年
4535740,北京,北京自如友家资产管理有限公司,"['丰厚年薪', '六险一金', '健康体检', '带薪年假']",朝阳区,本科,产品|需求|项目类,2天前发布,数据分析经理,15k-30k,5-10年
5804640,上海,上海数禾信息科技有限公司,"['股票期权', '通讯津贴', '交通补助', '午餐补助']",浦东新区,本科,产品|需求|项目类,1天前发布,数据分析师,15k-30k,3-5年
2382205,杭州,浙江森马电子商务有限公司,"['节日礼物', '技能培训', '绩效奖金', '年度旅游']",西湖区,本科,产品|需求|项目类,05:52发布,数据分析师,8k-12k,1-3年
5820001,上海,北京至上泽思信息技术有限公司,"['带薪年假', '年度旅游', '免费班车', '节日礼物']",黄浦区,本科,产品|需求|项目类,09:35发布,数据分析师,15k-30k,3-5年
4210417,深圳,深圳数位传媒科技有限公司,"['大数据弄潮儿', '大牛云集', '高并发', '14薪起']",南山区,本科,开发|测试|运维类,09:33发布,数据分析师,25k-50k,5-10年
5882571,北京,北京合众鼎成科技有限公司,"['年底双薪', '绩效奖金', '股票期权', '定期体检']",海淀区,本科,开发|测试|运维类,09:26发布,大数据分析师,7k-12k,1-3年
3536483,北京,北京博雅大智慧科技有限公司,"['绩效奖金', '交通补助', '通讯津贴', '午餐补助']",海淀区,硕士,产品|需求|项目类,09:24发布,数据分析师,10k-20k,不限
5213262,北京,北京北大软件工程股份有限公司,"['节日礼物', '带薪年假', '绩效奖金', '年度旅游']",海淀区,本科,开发|测试|运维类,09:05发布,数据分析师,10k-15k,1-3年
5316172,苏州,苏州瑞鹏信息技术有限公司,[],工业园区,硕士,产品|需求|项目类,08:35发布,数据分析师,12k-24k,1-3年
3246596,北京,北京四达时代软件技术股份有限公司,"['年底双薪', '专项奖金', '绩效奖金', '交通补助']",大兴区,本科,产品|需求|项目类,08:34发布,数据分析师,18k-25k,3-5年
5246226,成都,成都聚思力信息技术有限公司,"['绩效奖金', '带薪年假', '交通补助', '午餐补助']",高新区,本科,开发|测试|运维类,08:32发布,大数据分析师,15k-25k,1-3年
4143575,北京,久爱致和（北京）科技有限公司,"['节日礼物', '技能培训', '绩效奖金', '年度旅游']",海淀区,本科,产品|需求|项目类,07:35发布,数据分析员,6k-10k,1-3年
5389270,深圳,深圳市立创电子商务有限公司,"['节日礼物', '五险一金', '水果、下午茶', '带薪年假']",福田区,本科,开发|测试|运维类,00:30发布,数据分析师（用户方向）,15k-20k,3-5年
5781109,北京,凡普金科集团有限公司,"['年底双薪', '节日礼物', '技能培训', '带薪年假']",东城区,本科,产品|需求|项目类,1天前发布,数据分析师,20k-30k,3-5年
5719810,北京,上海任意门科技有限公司,"['外企氛围', '年轻活力娱乐', '有才华的团队', '技术导向']",海淀区,本科,产品|需求|项目类,1天前发布,数据分析师,15k-30k,3-5年
5440507,广州,广州悦跑信息科技有限公司,"['节日礼物', '带薪年假', '年度旅游', '美女多']",天河区,本科,产品|需求|项目类,1天前发布,数据分析师（中级）,8k-15k,1-3年
5247557,北京,北京心更远科技发展有限公司,"['在线教育', '数学思维', '带薪年假', '定期体检']",朝阳区,本科,开发|测试|运维类,1天前发布,数据分析师,15k-20k,1-3年
5662282,北京,北京高因科技有限公司,"['绩效奖金', '交通补助', '带薪年假', '通讯津贴']",东城区,本科,开发|测试|运维类,1天前发布,大数据分析师,20k-40k,3-5年
4467010,杭州,杭州嘉云数据科技有限公司,"['海量大数据', '世界级产品', 'AI', '智能供应链']",西湖区,本科,产品|需求|项目类,1天前发布,数据分析师（BI）,8k-15k,1-3年
4057574,北京,北京造化科技有限公司,"['年底双薪', '股票期权', '绩效奖金', '节日礼物']",朝阳区,本科,产品|需求|项目类,1天前发布,数据分析师,10k-15k,5-10年
4117345,成都,四川新网银行股份有限公司,"['带薪年假', '交通补助', '通讯津贴', '美女多']",高新区,本科,开发|测试|运维类,1天前发布,数据分析师,15k-30k,5-10年
5778984,深圳,上海氪信信息技术有限公司,[],南山区,本科,开发|测试|运维类,1天前发布,数据分析师（深圳）,10k-20k,不限
5611937,深圳,深圳市库盒科技有限公司,[],南山区,本科,产品|需求|项目类,1天前发布,数据分析师,15k-25k,3-5年
5420463,深圳,深圳市随手科技有限公司,"['带薪年假', '弹性工作时间', '年度旅游', '岗位晋升']",南山区,本科,产品|需求|项目类,1天前发布,数据分析师,13k-25k,3-5年
5896736,北京,北京网信金服信息科技有限公司,"['定期体检', '午餐补助', '带薪年假', '弹性工作']",朝阳区,本科,产品|需求|项目类,1天前发布,数据分析师（数据产品方向）,15k-25k,3-5年
5483537,北京,北京纯粹旅行有限公司,"['带薪年假', '绩效奖金', '岗位晋升', '年度旅游']",朝阳区,本科,产品|需求|项目类,1天前发布,数据分析师,12k-22k,1-3年
5479849,上海,算话智能科技有限公司,"['股票期权', '交通补助', '绩效奖金', '优秀团队']",长宁区,本科,产品|需求|项目类,1天前发布,大数据分析师,9k-18k,1-3年
5762557,上海,上海莉莉丝科技股份有限公司,"['都是萌妹子', '项目奖金', '零食无限量', '牛逼的同事']",闵行区,本科,开发|测试|运维类,1天前发布,数据分析师,12k-24k,1-3年
5452870,北京,北京高因科技有限公司,"['绩效奖金', '交通补助', '带薪年假', '通讯津贴']",东城区,本科,产品|需求|项目类,1天前发布,数据分析师,10k-15k,1-3年
5823708,北京,上海氪信信息技术有限公司,[],东城区,本科,产品|需求|项目类,1天前发布,数据分析师（北京）,10k-20k,不限
4957675,上海,算话智能科技有限公司,"['股票期权', '交通补助', '绩效奖金', '优秀团队']",长宁区,本科,产品|需求|项目类,1天前发布,数据分析师,12k-16k,1-3年
5762557,上海,上海莉莉丝科技股份有限公司,"['都是萌妹子', '项目奖金', '零食无限量', '牛逼的同事']",闵行区,本科,开发|测试|运维类,1天前发布,数据分析师,12k-24k,1-3年
5265178,广州,广东联邦车网科技股份有限公司,"['年底双薪', '绩效奖金', '带薪年假', '定期体检']",海珠区,本科,运营|编辑|客服类,1天前发布,数据分析师,7k-12k,3-5年
4910076,杭州,杭州微易信息科技有限公司,"['节日礼物', '带薪年假', '年度旅游', '定期体检']",西湖区,本科,开发|测试|运维类,1天前发布,数据分析师,8k-15k,1-3年
5806135,深圳,微民保险代理有限公司,"['带薪年假', '交通补助', '通讯津贴', '定期体检']",南山区,本科,产品|需求|项目类,1天前发布,数据分析师,10k-20k,1-3年
4765174,上海,创络（上海）数据科技有限公司,"['绩效奖金', '股票期权', '弹性工作', '美女多']",徐汇区,本科,产品|需求|项目类,1天前发布,大数据分析师,15k-25k,3-5年
3760775,北京,北京一览科技有限公司,"['股票期权', '弹性工作', '领导好', '扁平管理']",朝阳区,本科,开发|测试|运维类,1天前发布,数据分析师,20K-40K,1-3年
4757428,上海,神策网络科技（北京）有限公司,"['节日礼物', '年底双薪', '股票期权', '带薪年假']",静安区,本科,产品|需求|项目类,1天前发布,数据分析师-上海,15k-25k,3-5年
4746664,杭州,浙江霖梓控股有限公司,"['股票期权', '带薪年假', '弹性工作', '交通补助']",滨江区,本科,产品|需求|项目类,1天前发布,数据分析师,8k-15k,3-5年
5341243,上海,广州数说故事信息科技有限公司,"['颜值高', '双休日', '高大上团建', '带薪假']",杨浦区,本科,产品|需求|项目类,1天前发布,数据分析师,10k-20k,1-3年
5781438,深圳,深圳市百果互动科技有限公司,"['绩效奖金', '年终分红', '带薪年假', '定期体检']",南山区,本科,产品|需求|项目类,1天前发布,数据分析师,10k-20k,5-10年
5792361,北京,北京读我科技有限公司,"['带薪年假', '交通补助', '五险一金', '住宿补贴']",海淀区,本科,运营|编辑|客服类,1天前发布,数据分析师(J10380),15k-30k,3-5年
5719370,杭州,杭州好一库网络科技有限公司,[],余杭区,本科,产品|需求|项目类,1天前发布,数据分析师,12k-24k,不限
4739438,北京,广州数说故事信息科技有限公司,"['颜值高', '双休日', '高大上团建', '带薪假']",朝阳区,本科,产品|需求|项目类,1天前发布,数据分析师,12k-20k,1-3年
5792476,北京,北京读我科技有限公司,"['带薪年假', '交通补助', '五险一金', '住宿补贴']",海淀区,本科,开发|测试|运维类,1天前发布,数据分析师(J10380),15k-30k,3-5年
5430691,深圳,武汉市追忆那年网络科技有限公司,"['股票期权', '交通补助', '扁平管理', '领导好']",南山区,本科,产品|需求|项目类,1天前发布,数据分析师,15k-30k,3-5年
5760999,上海,精硕科技（北京）股份有限公司,[],普陀区,本科,产品|需求|项目类,1天前发布,数据分析师(J10156),6k-10k,1年以下
5884153,广州,广州趣丸网络科技有限公司,"['技能培训', '带薪年假', '年度旅游', '扁平管理']",天河区,本科,产品|需求|项目类,1天前发布,数据分析师,10k-18k,3-5年
5918327,上海,上海中彦信息科技股份有限公司,"['五险一金', '股票期权', '专项奖金', '带薪年假']",徐汇区,本科,产品|需求|项目类,1天前发布,数据分析师,10k-20k,1-3年
5525274,上海,深圳市随手科技有限公司,"['带薪年假', '弹性工作时间', '年度旅游', '岗位晋升']",浦东新区,本科,产品|需求|项目类,1天前发布,数据分析师（上海）,13k-25k,1-3年
5786560,杭州,上海诺誉投资管理有限公司,[],西湖区,本科,产品|需求|项目类,3天前发布,数据分析,20k-30k,3-5年
5664930,北京,北京复创时代科技有限公司,[],朝阳区,不限,产品|需求|项目类,3天前发布,数据分析,30k-50k,3-5年
3167494,上海,上海脉豪商务信息咨询有限公司,"['股票期权', '带薪年假', '定期体检', '弹性工作']",杨浦区,本科,产品|需求|项目类,09:31发布,数据分析师,8k-12k,1-3年
5213262,北京,北京北大软件工程股份有限公司,"['节日礼物', '带薪年假', '绩效奖金', '年度旅游']",海淀区,本科,开发|测试|运维类,09:05发布,数据分析师,10k-15k,1-3年
5905232,上海,上海盛惜投资管理有限公司,[],黄浦区,本科,开发|测试|运维类,1天前发布,数据分析师,20k-35k,3-5年
5760257,北京,思凯思特（北京）科技有限公司,"['弹性工作', '年终奖金', '定期体检', '扁平管理']",朝阳区,本科,产品|需求|项目类,1天前发布,数据分析师,15k-25k,1-3年
5450245,北京,北京金山网络科技有限公司,"['带薪年假', '美女前台', '超赞年终奖', '一公里工作圈']",朝阳区,本科,产品|需求|项目类,1天前发布,数据分析师,15k-25k,1-3年
5648547,武汉,武汉悦然心动网络科技有限公司,"['带薪年假', '年度出国旅游', '扁平管理', '午餐补助']",洪山区,不限,产品|需求|项目类,1天前发布,数据分析师,10k-20k,不限
